"replication","setting","max_rhat","min_ess_bulk","treedepth_hits","coverage","generated_on","cmdstan_version"
10,"default",1.14468198878288,19.8040548789879,10166,0.896,"2026-10-01","2.38.0"
10,"expansion = 0.05",1.00293817949641,1627.7704995104,3088,0.896666666666667,"2026-10-01","2.38.0"
10,"max_treedepth = 12",1.00475439537465,828.998890067671,5554,0.897333333333333,"2026-10-01","2.38.0"
13,"default",2.35173245874729,4.92929908254308,10509,0.859333333333333,"2026-10-01","2.38.0"
13,"expansion = 0.05",1.03991237470486,149.028703734269,9849,0.878,"2026-10-01","2.38.0"
13,"max_treedepth = 12",1.25281726261234,12.1522608684102,10055,0.861333333333333,"2026-10-01","2.38.0"
16,"default",1.18045443602181,18.7356400937341,10393,0.844666666666667,"2026-10-01","2.38.0"
16,"expansion = 0.05",1.01936419680478,201.279053723841,7989,0.857333333333333,"2026-10-01","2.38.0"
16,"max_treedepth = 12",1.01965399853968,122.21209821729,9329,0.839333333333333,"2026-10-01","2.38.0"
